<?xml version="1.0" encoding="UTF-8"?><ActivityDefinition xmlns="http://hl7.org/fhir"><id value="opioidcds-riskassessment-request"/><meta><profile value="http://hl7.org/fhir/uv/cpg/StructureDefinition/cpg-computableactivity"/></meta><url value="http://cqframework.org/cpg-example-opioids/ActivityDefinition/opioidcds-riskassessment-request"/><version value="1.0.0"/><name value="OpioidCDS_RiskAssessment_Request"/><title value="CDC Opioid Prescribing Guideline Recommendation #7 - Risk Assessment ProcedureRequest"/><status value="draft"/><experimental value="true"/><date value="2024-11-18T18:13:28+00:00"/><publisher value="HL7 International - Clinical Decision Support WG"/><contact><name value="HL7 International - Clinical Decision Support WG"/><telecom><system value="url"/><value value="http://www.hl7.org/Special/committees/dss/index.cfm"/></telecom></contact><description value="As part of the workflow for recommendation 7, it is recommended that a risk assessment be conducted if the inclusion criteria is met."/><useContext><code><system value="http://terminology.hl7.org/CodeSystem/usage-context-type"/><code value="focus"/><display value="Clinical Focus"/></code><valueCodeableConcept><coding><system value="http://snomed.info/sct"/><code value="225314003"/><display value="Risk management (procedure)"/></coding></valueCodeableConcept></useContext><jurisdiction><coding><system value="http://unstats.un.org/unsd/methods/m49/m49.htm"/><code value="001"/><display value="World"/></coding></jurisdiction><purpose value="Provides dynamic risk assessment suggestion as part of recommendation 7 workflow."/><usage value="Used to create a risk assessment ProcedureRequest when the inclusion criteria is satisfied for recommendation 7."/><copyright value="CDC 2016+"/><topic><coding><system value="http://terminology.hl7.org/CodeSystem/definition-topic"/><code value="assessment"/><display value="Assessment"/></coding><text value="Opioid Prescribing"/></topic><author><name value="Kensaku Kawamoto, MD, PhD, MHS"/></author><author><name value="Bryn Rhodes"/></author><author><name value="Floyd Eisenberg, MD, MPH"/></author><author><name value="Robert McClure, MD, MPH"/></author><kind value="ServiceRequest"/><code><coding><system value="http://snomed.info/sct"/><code value="454281000124100"/><display value="Assessment of risk for opioid abuse (procedure)"/></coding></code></ActivityDefinition>