{
  "resourceType" : "ActivityDefinition",
  "id" : "opioidcds-riskassessment-request",
  "meta" : {
    "profile" : ["http://hl7.org/fhir/uv/cpg/StructureDefinition/cpg-computableactivity"]
  },
  "text" : {
    "status" : "generated",
    "div" : "<div xmlns=\"http://www.w3.org/1999/xhtml\"><p class=\"res-header-id\"><b>Generated Narrative: ActivityDefinition opioidcds-riskassessment-request</b></p><a name=\"opioidcds-riskassessment-request\"> </a><a name=\"hcopioidcds-riskassessment-request\"> </a><a name=\"opioidcds-riskassessment-request-en-US\"> </a><p><b>url</b>: <a href=\"ActivityDefinition-opioidcds-riskassessment-request.html\">ActivityDefinition CDC Opioid Prescribing Guideline Recommendation #7 - Risk Assessment ProcedureRequest</a></p><p><b>version</b>: 1.0.0</p><p><b>name</b>: OpioidCDS_RiskAssessment_Request</p><p><b>title</b>: CDC Opioid Prescribing Guideline Recommendation #7 - Risk Assessment ProcedureRequest</p><p><b>status</b>: Draft</p><p><b>experimental</b>: true</p><p><b>date</b>: 2024-11-18 18:13:28+0000</p><p><b>publisher</b>: HL7 International - Clinical Decision Support WG</p><p><b>contact</b>: HL7 International - Clinical Decision Support WG: <a href=\"http://www.hl7.org/Special/committees/dss/index.cfm\">http://www.hl7.org/Special/committees/dss/index.cfm</a></p><p><b>description</b>: </p><div><p>As part of the workflow for recommendation 7, it is recommended that a risk assessment be conducted if the inclusion criteria is met.</p>\n</div><h3>UseContexts</h3><table class=\"grid\"><tr><td style=\"display: none\">-</td><td><b>Code</b></td><td><b>Value[x]</b></td></tr><tr><td style=\"display: none\">*</td><td><a href=\"http://terminology.hl7.org/6.0.2/CodeSystem-usage-context-type.html#usage-context-type-focus\">UsageContextType focus</a>: Clinical Focus</td><td><span title=\"Codes:{http://snomed.info/sct 225314003}\">Risk management (procedure)</span></td></tr></table><p><b>jurisdiction</b>: <span title=\"Codes:{http://unstats.un.org/unsd/methods/m49/m49.htm 001}\">World</span></p><p><b>purpose</b>: </p><div><p>Provides dynamic risk assessment suggestion as part of recommendation 7 workflow.</p>\n</div><p><b>usage</b>: Used to create a risk assessment ProcedureRequest when the inclusion criteria is satisfied for recommendation 7.</p><p><b>copyright</b>: </p><div><p>CDC 2016+</p>\n</div><p><b>topic</b>: <span title=\"Codes:{http://terminology.hl7.org/CodeSystem/definition-topic assessment}\">Opioid Prescribing</span></p><p><b>author</b>: Kensaku Kawamoto, MD, PhD, MHS: , Bryn Rhodes: , Floyd Eisenberg, MD, MPH: , Robert McClure, MD, MPH: </p><p><b>kind</b>: ServiceRequest</p><p><b>code</b>: <span title=\"Codes:{http://snomed.info/sct 454281000124100}\">Assessment of risk for opioid abuse (procedure)</span></p></div>"
  },
  "url" : "http://cqframework.org/cpg-example-opioids/ActivityDefinition/opioidcds-riskassessment-request",
  "version" : "1.0.0",
  "name" : "OpioidCDS_RiskAssessment_Request",
  "title" : "CDC Opioid Prescribing Guideline Recommendation #7 - Risk Assessment ProcedureRequest",
  "status" : "draft",
  "experimental" : true,
  "date" : "2024-11-18T18:13:28+00:00",
  "publisher" : "HL7 International - Clinical Decision Support WG",
  "contact" : [{
    "name" : "HL7 International - Clinical Decision Support WG",
    "telecom" : [{
      "system" : "url",
      "value" : "http://www.hl7.org/Special/committees/dss/index.cfm"
    }]
  }],
  "description" : "As part of the workflow for recommendation 7, it is recommended that a risk assessment be conducted if the inclusion criteria is met.",
  "useContext" : [{
    "code" : {
      "system" : "http://terminology.hl7.org/CodeSystem/usage-context-type",
      "code" : "focus",
      "display" : "Clinical Focus"
    },
    "valueCodeableConcept" : {
      "coding" : [{
        "system" : "http://snomed.info/sct",
        "code" : "225314003",
        "display" : "Risk management (procedure)"
      }]
    }
  }],
  "jurisdiction" : [{
    "coding" : [{
      "system" : "http://unstats.un.org/unsd/methods/m49/m49.htm",
      "code" : "001",
      "display" : "World"
    }]
  }],
  "purpose" : "Provides dynamic risk assessment suggestion as part of recommendation 7 workflow.",
  "usage" : "Used to create a risk assessment ProcedureRequest when the inclusion criteria is satisfied for recommendation 7.",
  "copyright" : "CDC 2016+",
  "topic" : [{
    "coding" : [{
      "system" : "http://terminology.hl7.org/CodeSystem/definition-topic",
      "code" : "assessment",
      "display" : "Assessment"
    }],
    "text" : "Opioid Prescribing"
  }],
  "author" : [{
    "name" : "Kensaku Kawamoto, MD, PhD, MHS"
  },
  {
    "name" : "Bryn Rhodes"
  },
  {
    "name" : "Floyd Eisenberg, MD, MPH"
  },
  {
    "name" : "Robert McClure, MD, MPH"
  }],
  "kind" : "ServiceRequest",
  "code" : {
    "coding" : [{
      "system" : "http://snomed.info/sct",
      "code" : "454281000124100",
      "display" : "Assessment of risk for opioid abuse (procedure)"
    }]
  }
}