[
  {
    "id" : "opioidcds-riskassessment-request",
    "type" : "ActivityDefinition",
    "url" : "http://cqframework.org/cpg-example-opioids/ActivityDefinition/opioidcds-riskassessment-request",
    "version" : "1.0.0",
    "name" : "OpioidCDS_RiskAssessment_Request"
  },
  {
    "id" : "cqframework.cpg-example-opioids",
    "type" : "ImplementationGuide",
    "url" : "http://cqframework.org/cpg-example-opioids/ImplementationGuide/cqframework.cpg-example-opioids",
    "version" : "1.0.0",
    "name" : "CPGOpioidPrescribingGuidelineExamples"
  },
  {
    "id" : "OMTKLogic",
    "type" : "Library",
    "url" : "http://cqframework.org/cpg-example-opioids/Library/OMTKLogic",
    "version" : "1.0.0",
    "name" : "OMTKLogic"
  },
  {
    "id" : "OpioidCDSR4Common",
    "type" : "Library",
    "url" : "http://cqframework.org/cpg-example-opioids/Library/OpioidCDSR4Common",
    "version" : "1.0.0",
    "name" : "OpioidCDSR4Common"
  },
  {
    "id" : "OpioidCDSR4Recommendation05",
    "type" : "Library",
    "url" : "http://cqframework.org/cpg-example-opioids/Library/OpioidCDSR4Recommendation05",
    "version" : "1.0.0",
    "name" : "OpioidCDSR4Recommendation05"
  },
  {
    "id" : "opioidcds-r4-recommendation-05",
    "type" : "PlanDefinition",
    "url" : "http://cqframework.org/cpg-example-opioids/PlanDefinition/opioidcds-r4-recommendation-05",
    "version" : "1.0.0",
    "name" : "OpioidCDS_R4_Recommendation_05"
  },
  {
    "id" : "opioids-with-ambulatory-abuse-potential",
    "type" : "ValueSet",
    "url" : "http://cqframework.org/cpg-example-opioids/ValueSet/opioids-with-ambulatory-abuse-potential",
    "version" : "1.0.0",
    "name" : "OpioidsWithAmbulatoryAbusePotential"
  }
]
