{
  "package": "hl7.fhir.uv.cpg.opioids",
  "version": "1.0.0",
  "fhirVersion": "4.0.1",
  "jurisdiction": "001",
  "extensions": [],
  "profiles": {},
  "usage": {
    "http://hl7.org/fhir/StructureDefinition/artifact-relatedArtifact": [
      "ValueSet"
    ],
    "http://hl7.org/fhir/StructureDefinition/artifact-usageWarning": [
      "ValueSet"
    ],
    "http://hl7.org/fhir/StructureDefinition/cqf-knowledgeCapability": [
      "ValueSet"
    ],
    "http://hl7.org/fhir/StructureDefinition/cqf-knowledgeRepresentationLevel": [
      "ValueSet"
    ],
    "http://hl7.org/fhir/StructureDefinition/cqf-qualityOfEvidence": [
      "PlanDefinition.action.documentation.document"
    ],
    "http://hl7.org/fhir/StructureDefinition/cqf-strengthOfRecommendation": [
      "PlanDefinition.action.documentation.document"
    ],
    "http://hl7.org/fhir/StructureDefinition/valueset-author": [
      "ValueSet"
    ],
    "http://hl7.org/fhir/StructureDefinition/valueset-sourceReference": [
      "ValueSet"
    ],
    "http://hl7.org/fhir/tools/StructureDefinition/ig-internal-dependency": [
      "ImplementationGuide.definition"
    ],
    "http://hl7.org/fhir/tools/StructureDefinition/ig-page-name": [
      "ImplementationGuide.definition.page",
      "ImplementationGuide.definition.page.page"
    ],
    "http://hl7.org/fhir/tools/StructureDefinition/ig-parameter": [
      "ImplementationGuide.definition"
    ],
    "http://hl7.org/fhir/tools/StructureDefinition/implementationguide-dependency-comment": [
      "ImplementationGuide.dependsOn"
    ],
    "http://hl7.org/fhir/tools/StructureDefinition/resource-information": [
      "ImplementationGuide.definition.resource"
    ]
  }
}