{"resourceType":"ActivityDefinition","id":"opioidcds-riskassessment-request","meta":{"profile":["http://hl7.org/fhir/uv/cpg/StructureDefinition/cpg-computableactivity"]},"url":"http://cqframework.org/cpg-example-opioids/ActivityDefinition/opioidcds-riskassessment-request","version":"1.0.0","name":"OpioidCDS_RiskAssessment_Request","title":"CDC Opioid Prescribing Guideline Recommendation #7 - Risk Assessment ProcedureRequest","status":"draft","experimental":true,"date":"2024-11-18T18:13:28+00:00","publisher":"HL7 International - Clinical Decision Support WG","contact":[{"name":"HL7 International - Clinical Decision Support WG","telecom":[{"system":"url","value":"http://www.hl7.org/Special/committees/dss/index.cfm"}]}],"description":"As part of the workflow for recommendation 7, it is recommended that a risk assessment be conducted if the inclusion criteria is met.","useContext":[{"code":{"system":"http://terminology.hl7.org/CodeSystem/usage-context-type","code":"focus","display":"Clinical Focus"},"valueCodeableConcept":{"coding":[{"system":"http://snomed.info/sct","code":"225314003","display":"Risk management (procedure)"}]}}],"jurisdiction":[{"coding":[{"system":"http://unstats.un.org/unsd/methods/m49/m49.htm","code":"001","display":"World"}]}],"purpose":"Provides dynamic risk assessment suggestion as part of recommendation 7 workflow.","usage":"Used to create a risk assessment ProcedureRequest when the inclusion criteria is satisfied for recommendation 7.","copyright":"CDC 2016+","topic":[{"coding":[{"system":"http://terminology.hl7.org/CodeSystem/definition-topic","code":"assessment","display":"Assessment"}],"text":"Opioid Prescribing"}],"author":[{"name":"Kensaku Kawamoto, MD, PhD, MHS"},{"name":"Bryn Rhodes"},{"name":"Floyd Eisenberg, MD, MPH"},{"name":"Robert McClure, MD, MPH"}],"kind":"ServiceRequest","code":{"coding":[{"system":"http://snomed.info/sct","code":"454281000124100","display":"Assessment of risk for opioid abuse (procedure)"}]}}