{"resourceType":"PlanDefinition","id":"opioidcds-r4-recommendation-05","meta":{"profile":["http://hl7.org/fhir/uv/cpg/StructureDefinition/cpg-computableplandefinition"]},"url":"http://cqframework.org/cpg-example-opioids/PlanDefinition/opioidcds-r4-recommendation-05","version":"1.0.0","name":"OpioidCDS_R4_Recommendation_05","title":"CDC Opioid Prescribing Guideline Recommendation #5","type":{"coding":[{"system":"http://terminology.hl7.org/CodeSystem/plan-definition-type","code":"eca-rule","display":"ECA Rule"}]},"status":"draft","experimental":true,"date":"2024-11-18T18:13:28+00:00","publisher":"HL7 International - Clinical Decision Support WG","contact":[{"name":"HL7 International - Clinical Decision Support WG","telecom":[{"system":"url","value":"http://www.hl7.org/Special/committees/dss/index.cfm"}]}],"description":"When opioids are started, providers should prescribe the lowest effective dosage.","useContext":[{"code":{"system":"http://terminology.hl7.org/CodeSystem/usage-context-type","code":"focus","display":"Clinical Focus"},"valueCodeableConcept":{"coding":[{"system":"http://snomed.info/sct","code":"182888003","display":"Medication requested (situation)"}]}},{"code":{"system":"http://terminology.hl7.org/CodeSystem/usage-context-type","code":"focus","display":"Clinical Focus"},"valueCodeableConcept":{"coding":[{"system":"http://snomed.info/sct","code":"82423001","display":"Chronic pain (finding)"}]}}],"jurisdiction":[{"coding":[{"system":"http://unstats.un.org/unsd/methods/m49/m49.htm","code":"001","display":"World"}]}],"purpose":"CDC’s Guideline for Prescribing Opioids for Chronic Pain is intended to improve communication between providers and patients about the risks and benefits of opioid therapy for chronic pain, improve the safety and effectiveness of pain treatment, and reduce the risks associated with long-term opioid therapy, including opioid use disorder and overdose. The Guideline is not intended for patients who are in active cancer treatment, palliative care, or end-of-life care.","usage":"Providers should use caution when prescribing opioids at any dosage, should carefully reassess evidence of individual benefits and risks when considering increasing dosage to ≥50 morphine milligram equivalents (MME)/day, and should avoid increasing dosage to ≥90 MME/day or carefully justify a decision to titrate dosage to >90 MME/day","copyright":"CDC 2016+","topic":[{"text":"Opioid Prescribing"}],"author":[{"name":"Kensaku Kawamoto, MD, PhD, MHS"},{"name":"Bryn Rhodes"},{"name":"Floyd Eisenberg, MD, MPH"},{"name":"Robert McClure, MD, MPH"}],"relatedArtifact":[{"type":"documentation","display":"MME Conversion Tables","url":"https://www.cdc.gov/drugoverdose/pdf/calculating_total_daily_dose-a.pdf","document":{"url":"https://www.cdc.gov/drugoverdose/pdf/calculating_total_daily_dose-a.pdf"}}],"library":["http://cqframework.org/cpg-example-opioids/Library/OpioidCDSR4Recommendation05"],"action":[{"title":"High risk for opioid overdose.","description":"Total morphine milligram equivalent (MME) exceeds recommended amount. Taper to less than 50.","documentation":[{"type":"documentation","display":"CDC guideline for prescribing opioids for chronic pain","url":"https://www.cdc.gov/mmwr/volumes/65/rr/rr6501e1.htm?CDC_AA_refVal=https%3A%2F%2Fwww.cdc.gov%2Fmmwr%2Fvolumes%2F65%2Frr%2Frr6501e1er.htm","document":{"extension":[{"url":"http://hl7.org/fhir/StructureDefinition/cqf-strengthOfRecommendation","valueCodeableConcept":{"coding":[{"system":"http://terminology.hl7.org/CodeSystem/recommendation-strength","code":"strong","display":"Strong"}]}},{"url":"http://hl7.org/fhir/StructureDefinition/cqf-qualityOfEvidence","valueCodeableConcept":{"coding":[{"system":"http://terminology.hl7.org/CodeSystem/evidence-quality","code":"low","display":"Low quality"}]}}],"url":"https://www.cdc.gov/mmwr/volumes/65/rr/rr6501e1.htm?CDC_AA_refVal=https%3A%2F%2Fwww.cdc.gov%2Fmmwr%2Fvolumes%2F65%2Frr%2Frr6501e1er.htm"}},{"type":"documentation"}],"trigger":[{"type":"named-event","name":"medication-prescribe"}],"condition":[{"kind":"applicability","expression":{"description":"Is total MME >= 50?","language":"text/cql","expression":"Inclusion Criteria"}}],"groupingBehavior":"visual-group","selectionBehavior":"exactly-one","dynamicValue":[{"path":"action.title","expression":{"language":"text/cql","expression":"Get Summary"}},{"path":"action.description","expression":{"language":"text/cql","expression":"Get Detail"}},{"path":"activity.extension","expression":{"language":"text/cql","expression":"Get Indicator"}}],"action":[{"description":"Will reduce dosage"},{"description":"Risk of overdose carefully considered and outweighed by benefit; snooze 3 mo"},{"description":"Acute pain; snooze 1 mo"},{"description":"N/A - see comment (will be reviewed by medical director); snooze 3 mo"}]}]}